forecast_horizon,n_predictions,mae,rmse,r2
1,567,0.7172241432897148,1.5369516990550096,0.9709034206326976
2,567,0.9068917829033697,1.777059592839742,0.9632427518485148
3,567,1.0442460882182607,2.3252095313185204,0.9325995628560435
4,567,1.0476750897266842,2.473370633976865,0.9243189731200318
