forecast_horizon,n_predictions,mae,rmse,r2
1,567,0.761910229276896,1.6885788064914005,0.9648792189830373
2,567,0.9160137566137567,1.8394281751975963,0.9606173736190038
3,567,1.0307668430335097,2.2225919574161774,0.9384174027659271
4,567,1.0874409171075836,2.315332754735248,0.9336813850784182
