forecast_horizon,n_predictions,mae,rmse,r2
1,567,0.8966452555288739,1.9083200664792266,0.9551436500719344
2,567,1.2100856095215806,2.299553656932486,0.9384502771292932
3,567,1.3506961939618127,2.9076384740037815,0.894605162663228
4,567,1.5174715351454386,3.666330614199896,0.8337078048351263
