forecast_horizon,n_predictions,mae,rmse,r2
1,567,0.7869392513774303,1.617250113432609,0.9677836839215552
2,567,1.0797616209475944,2.0515449486058674,0.9510107173935605
3,567,1.2364607863531223,2.6976022654998113,0.9092818135588134
4,567,1.3886521359987756,3.458555991169048,0.8520216305007549
