{
  "cv_n_splits": 4,
  "cv_train_mae_mean": 0.4075818888083251,
  "cv_train_rmse_mean": 1.093802359232506,
  "cv_train_r2_mean": 0.982095261621585,
  "cv_val_mae_mean": 0.6347246843384454,
  "cv_val_mae_std": 0.037829245018631275,
  "cv_val_rmse_mean": 1.5667381078866096,
  "cv_val_rmse_std": 0.24599708049176536,
  "cv_val_r2_mean": 0.9628912014571643,
  "cv_val_r2_std": 0.008921929209933984,
  "cv_overfit_gap_rmse_mean": 0.4729357486541038,
  "cv_overfit_ratio_rmse_mean": 1.4511847171112011
}