{
  "cv_n_splits": 4,
  "cv_train_mae_mean": 0.43704325752183837,
  "cv_train_rmse_mean": 1.1492043493605788,
  "cv_train_r2_mean": 0.9802505584924684,
  "cv_val_mae_mean": 0.6463164060176476,
  "cv_val_mae_std": 0.038885967178542466,
  "cv_val_rmse_mean": 1.5814357123886047,
  "cv_val_rmse_std": 0.2611443062888871,
  "cv_val_r2_mean": 0.9623090308612253,
  "cv_val_r2_std": 0.009305699660632182,
  "cv_overfit_gap_rmse_mean": 0.4322313630280258,
  "cv_overfit_ratio_rmse_mean": 1.3926299414481904
}