fold,train_rows,val_rows,train_areas,val_areas,train_mae,train_rmse,train_r2,val_mae,val_rmse,val_r2,overfit_gap_rmse,overfit_ratio_rmse
1,677,226,122,41,0.44292822195807807,1.2311596973880508,0.9776100748504698,0.6112755776295268,1.3229891653272665,0.9730348341945289,0.09182946793921576,1.0745877794197092
2,677,226,122,41,0.4270767820179136,1.1165089820898917,0.98219392980292,0.6252223048398494,1.5010638979600168,0.9611091330309322,0.38455491587012514,1.3444261730436882
3,677,226,122,41,0.4195060004342947,1.1418061004720543,0.9804565045284223,0.6180482717536679,1.5467347677640353,0.9646700494366822,0.40492866729198096,1.3546387316765711
4,678,225,123,40,0.41109481601046477,1.0470744314312423,0.9827591849817716,0.7065313207539687,1.9967710984488005,0.9484190237661986,0.9496966670175582,1.9070001506191123
