{
  "cv_n_splits": 4,
  "cv_train_mae_mean": 0.4535428924505988,
  "cv_train_rmse_mean": 1.1997937308815023,
  "cv_train_r2_mean": 0.9784754917110374,
  "cv_val_mae_mean": 0.654020611533564,
  "cv_val_mae_std": 0.044486861688525614,
  "cv_val_rmse_mean": 1.608052706511109,
  "cv_val_rmse_std": 0.2609668168643013,
  "cv_val_r2_mean": 0.9610707492616654,
  "cv_val_r2_std": 0.009408450666138235,
  "cv_overfit_gap_rmse_mean": 0.4082589756296064,
  "cv_overfit_ratio_rmse_mean": 1.3523840972490258
}