fold,train_rows,val_rows,train_areas,val_areas,train_mae,train_rmse,train_r2,val_mae,val_rmse,val_r2,overfit_gap_rmse,overfit_ratio_rmse
1,677,226,122,41,0.4887113050135333,1.3284082568978801,0.9739332435634221,0.6041452605496469,1.3391843238801464,0.9723706139954648,0.010776066982266297,1.0081120144551274
2,677,226,122,41,0.4586750161487295,1.1843201537597297,0.9799653445346204,0.6358174328135369,1.5863609663492606,0.9565636528625396,0.40204081258953095,1.339469704465652
3,677,226,122,41,0.46889593383716593,1.2589058154508215,0.9762423213373047,0.6223626033843987,1.5304238349253259,0.9654112572946184,0.2715180194745044,1.2156777863300856
4,678,225,123,40,0.45906750390097933,1.1550574698017237,0.9790197881604814,0.7133150532334331,2.0275377001643955,0.9468172402462407,0.8724802303626717,1.7553565542608378
