fold,train_rows,val_rows,train_areas,val_areas,train_mae,train_rmse,train_r2,val_mae,val_rmse,val_r2,overfit_gap_rmse,overfit_ratio_rmse
1,677,226,122,41,0.442928221958078,1.231159697388051,0.9776100748504698,0.611275577629527,1.322989165327267,0.9730348341945289,0.09182946793921598,1.0745877794197092
2,677,226,122,41,0.42707678201791366,1.116508982089892,0.98219392980292,0.6252223048398493,1.5010638979600166,0.9611091330309322,0.3845549158701247,1.3444261730436877
3,677,226,122,41,0.4195060004342948,1.141806100472054,0.9804565045284223,0.6180482717536679,1.546734767764035,0.9646700494366822,0.40492866729198096,1.3546387316765713
4,678,225,123,40,0.4110948160104647,1.0470744314312426,0.9827591849817716,0.7065313207539686,1.9967710984488007,0.9484190237661986,0.9496966670175582,1.907000150619112
