fold,train_rows,val_rows,train_areas,val_areas,train_mae,train_rmse,train_r2,val_mae,val_rmse,val_r2,overfit_gap_rmse,overfit_ratio_rmse
1,677,226,122,41,0.45356896216191367,1.238906815156371,0.977327409440245,0.6193776139971534,1.3309155798936612,0.9727107538932004,0.09200876473729025,1.0742660897588792
2,677,226,122,41,0.4446749324999033,1.1487534847858454,0.9811506090378637,0.6344846934412127,1.4636828285648105,0.9630220168109589,0.3149293437789651,1.2741487603301376
3,677,226,122,41,0.43201509610213473,1.1545448171269903,0.9800179925532484,0.6229401391148999,1.5266288891460473,0.9655825819387327,0.372084072019057,1.3222777206215035
4,678,225,123,40,0.4216972031887891,1.0614273299562358,0.982283284367425,0.7154857602398444,2.020482970825843,0.9471866905868188,0.9590556408696074,1.9035528046080654
