fold,train_rows,val_rows,train_areas,val_areas,train_mae,train_rmse,train_r2,val_mae,val_rmse,val_r2,overfit_gap_rmse,overfit_ratio_rmse
1,677,226,122,41,0.4693793785286393,1.287507909718099,0.975513671426199,0.632363982461262,1.3774914631557484,0.970767338877068,0.08998355343764941,1.0698897092269914
2,677,226,122,41,0.4539312496229003,1.1825416869866234,0.9800254705332075,0.6385067319907476,1.4760618037770932,0.9623938954481109,0.29352011679046974,1.248211221659698
3,677,226,122,41,0.4478074794624014,1.2035659980809366,0.9782851244648164,0.6155278050165889,1.5284527521423654,0.9655002958600244,0.32488675406142886,1.2699367999590008
4,678,225,123,40,0.44305346218845426,1.1255593287403507,0.9800777004199268,0.7296839266656573,2.0502048069692282,0.9456214668614581,0.9246454782288775,1.821498658150413
