fold,train_rows,val_rows,train_areas,val_areas,train_mae,train_rmse,train_r2,val_mae,val_rmse,val_r2,overfit_gap_rmse,overfit_ratio_rmse
1,677,226,122,41,0.3313585285747205,0.9597677712313368,0.9863931942156894,0.538803588558833,1.0811652384233925,0.9819916191125369,0.12139746719205569,1.1264862926542203
2,677,226,122,41,0.28380441514531746,0.7656355509763934,0.9916268702590508,0.639023093251829,1.726180627670515,0.948569382147201,0.9605450766941216,2.2545721988342438
3,677,226,122,41,0.2840014623874155,0.8508218197090023,0.9891483753718775,0.6559480273583385,1.586492848051334,0.9628304270486673,0.7356710283423318,1.8646593344232119
4,678,225,123,40,0.2836505369218731,0.781870447780712,0.9903867047721201,0.6870023489419355,1.8825937351156967,0.9541492745306444,1.1007232873349846,2.4078077646486262
