fold,train_rows,val_rows,train_areas,val_areas,train_mae,train_rmse,train_r2,val_mae,val_rmse,val_r2,overfit_gap_rmse,overfit_ratio_rmse
1,677,226,122,41,0.45356896216191367,1.2389068151563711,0.977327409440245,0.6193776139971533,1.3309155798936607,0.9727107538932004,0.09200876473728958,1.0742660897588787
2,677,226,122,41,0.4446749324999033,1.1487534847858454,0.9811506090378637,0.6344846934412127,1.46368282856481,0.9630220168109589,0.31492934377896464,1.2741487603301371
3,677,226,122,41,0.43201509610213473,1.1545448171269905,0.9800179925532484,0.6229401391148998,1.5266288891460473,0.9655825819387327,0.3720840720190568,1.3222777206215033
4,678,225,123,40,0.4216972031887891,1.061427329956236,0.982283284367425,0.7154857602398447,2.0204829708258427,0.9471866905868188,0.9590556408696067,1.9035528046080648
