fold,train_rows,val_rows,train_areas,val_areas,train_mae,train_rmse,train_r2,val_mae,val_rmse,val_r2,overfit_gap_rmse,overfit_ratio_rmse
1,677,226,122,41,0.4693793785286395,1.2875079097180993,0.975513671426199,0.632363982461262,1.3774914631557487,0.970767338877068,0.08998355343764941,1.0698897092269914
2,677,226,122,41,0.45393124962290043,1.1825416869866234,0.9800254705332075,0.6385067319907475,1.4760618037770932,0.9623938954481109,0.29352011679046974,1.248211221659698
3,677,226,122,41,0.44780747946240157,1.2035659980809368,0.9782851244648164,0.6155278050165888,1.5284527521423652,0.9655002958600244,0.3248867540614284,1.2699367999590003
4,678,225,123,40,0.4430534621884544,1.125559328740351,0.9800777004199268,0.7296839266656573,2.050204806969228,0.9456214668614581,0.9246454782288769,1.8214986581504122
