fold,train_rows,val_rows,train_areas,val_areas,train_mae,train_rmse,train_r2,val_mae,val_rmse,val_r2,overfit_gap_rmse,overfit_ratio_rmse
1,677,226,122,41,0.4341528274002489,1.1929535922942318,0.9789781486944262,0.589473208080605,1.2615934619643088,0.9754794967464191,0.06863986967007696,1.0575377534494632
2,677,226,122,41,0.4052216866450029,1.077676573258718,0.9834109879326467,0.6286162102947864,1.5251649039141368,0.9598502476354147,0.44748833065541893,1.4152343493023025
3,677,226,122,41,0.4011340431636194,1.0998107029382334,0.981867678620552,0.6263438659827575,1.531398644602945,0.9653671803812998,0.4315879416647117,1.3924202051422936
4,678,225,123,40,0.3898189980244287,1.0047685684388394,0.9841242312387148,0.6944654529956328,1.9487954210650489,0.9508678810655236,0.9440268526262094,1.939546560550747
