fold,train_rows,val_rows,train_areas,val_areas,train_mae,train_rmse,train_r2,val_mae,val_rmse,val_r2,overfit_gap_rmse,overfit_ratio_rmse
1,677,226,122,41,0.4887113050135332,1.3284082568978801,0.9739332435634221,0.6041452605496471,1.3391843238801466,0.9723706139954646,0.010776066982266519,1.0081120144551277
2,677,226,122,41,0.45867501614872963,1.1843201537597297,0.9799653445346204,0.6358174328135366,1.5863609663492604,0.9565636528625396,0.4020408125895307,1.3394697044656518
3,677,226,122,41,0.468895933837166,1.258905815450822,0.9762423213373046,0.6223626033843987,1.5304238349253254,0.9654112572946185,0.2715180194745035,1.2156777863300847
4,678,225,123,40,0.4590675039009792,1.1550574698017233,0.9790197881604814,0.7133150532334329,2.0275377001643955,0.9468172402462407,0.8724802303626722,1.7553565542608385
