fold,train_rows,val_rows,train_areas,val_areas,train_mae,train_rmse,train_r2,val_mae,val_rmse,val_r2,overfit_gap_rmse,overfit_ratio_rmse
1,677,226,122,41,0.4341528274002489,1.192953592294232,0.9789781486944262,0.589473208080605,1.2615934619643088,0.9754794967464191,0.06863986967007674,1.057537753449463
2,677,226,122,41,0.4052216866450031,1.077676573258718,0.9834109879326467,0.6286162102947864,1.525164903914137,0.9598502476354147,0.44748833065541915,1.4152343493023027
3,677,226,122,41,0.4011340431636194,1.0998107029382334,0.981867678620552,0.6263438659827576,1.531398644602945,0.9653671803812998,0.4315879416647117,1.3924202051422936
4,678,225,123,40,0.3898189980244287,1.0047685684388392,0.9841242312387148,0.6944654529956327,1.9487954210650482,0.9508678810655237,0.944026852626209,1.9395465605507467
