fold,train_rows,val_rows,train_areas,val_areas,train_mae,train_rmse,train_r2,val_mae,val_rmse,val_r2,overfit_gap_rmse,overfit_ratio_rmse
1,677,226,122,41,0.45243456560121403,1.2384745845806246,0.9773432267354177,0.6142115481506244,1.3186038340941713,0.9732133015659263,0.08012924951354661,1.064699954695219
2,677,226,122,41,0.4430545786270107,1.1439538474366633,0.9813077902678013,0.6344104382588528,1.4603208682609226,0.9631916925554926,0.31636702082425927,1.2765557557528784
3,677,226,122,41,0.43235239529476777,1.1566766937955208,0.9799441305347271,0.6241204420387959,1.5332753084986037,0.9652822462771683,0.37659861470308287,1.3255867579274132
4,678,225,123,40,0.42033149056436114,1.057712271629507,0.9824070864319276,0.7125231956223175,2.0135428387007215,0.947548883046314,0.9558305670712144,1.9036772974172511
