fold,train_rows,val_rows,train_areas,val_areas,train_mae,train_rmse,train_r2,val_mae,val_rmse,val_r2,overfit_gap_rmse,overfit_ratio_rmse
1,677,226,122,41,0.4510359361054878,1.2393384133213674,0.977311609780673,0.6173295949037831,1.325862263131199,0.9729175880609264,0.08652384980983152,1.0698145469226212
2,677,226,122,41,0.4442867931436897,1.1491028283593936,0.9811391428443885,0.635065048058335,1.460462192454935,0.9631845678800796,0.31135936409554144,1.2709586613237023
3,677,226,122,41,0.43240945099144695,1.1536573847753484,0.9800486987927105,0.6261410614756879,1.5313728834229168,0.9653683455577221,0.37771549864756837,1.3274069959003651
4,678,225,123,40,0.42221474867027664,1.0611349849966412,0.9822930423208887,0.7161585767625424,2.023301335623756,0.9470392496160527,0.9621663506271148,1.9067332283179415
