fold,train_rows,val_rows,train_areas,val_areas,train_mae,train_rmse,train_r2,val_mae,val_rmse,val_r2,overfit_gap_rmse,overfit_ratio_rmse
1,677,226,122,41,1.0334197104483622,2.2730349935273195,0.9236803966062609,1.0294721243436358,2.4217065794805612,0.9096488752326265,0.1486715859532417,1.0654066419463837
2,677,226,122,41,0.9978484338571612,2.320244198744541,0.9231027108972739,0.9389429628566304,1.9050746207796594,0.93735689907232,-0.41516957796488163,0.8210664299087461
3,677,226,122,41,1.0203445273527543,2.395865740488776,0.9139516634301426,1.1031247482046618,2.324023289294782,0.9202386885937173,-0.07184245119399435,0.9700139911932887
4,678,225,123,40,0.9868212428351771,2.2131740831454727,0.9229746226491192,1.2575740618701508,3.069334745182459,0.8781230703723454,0.8561606620369862,1.3868474100420372
