fold,train_rows,val_rows,train_areas,val_areas,train_mae,train_rmse,train_r2,val_mae,val_rmse,val_r2,overfit_gap_rmse,overfit_ratio_rmse
1,677,226,122,41,1.0083338747309087,2.2345732142739085,0.9262413365456141,1.0158312137738794,2.398810311844429,0.9113492663277895,0.16423709757052052,1.0734981948773994
2,677,226,122,41,0.9651350303613278,2.2649323289746457,0.9267252913460544,0.9137519779112487,1.7990687798871414,0.9441343573356581,-0.46586354908750427,0.7943145836509805
3,677,226,122,41,1.0084361060898976,2.372035881371489,0.9156548659268934,1.089698901127503,2.3101044337304844,0.9211912278034473,-0.06193144764100467,0.9738910156767121
4,678,225,123,40,0.9507464192756158,2.1720950365604974,0.9258074446652711,1.248004071623908,3.0602209268387393,0.8788457775289167,0.8881258902782418,1.4088798488691292
