{
  "cv_n_splits": 4,
  "cv_train_mae_mean": 1.0791621413941523,
  "cv_train_rmse_mean": 2.4335118524257746,
  "cv_train_r2_mean": 0.9115570488515532,
  "cv_val_mae_mean": 1.1397136589539492,
  "cv_val_mae_std": 0.10215974577788728,
  "cv_val_rmse_mean": 2.5271476005750992,
  "cv_val_rmse_std": 0.42445721916164136,
  "cv_val_r2_mean": 0.9041601554008205,
  "cv_val_r2_std": 0.0225909108020215,
  "cv_overfit_gap_rmse_mean": 0.09363574814932446,
  "cv_overfit_ratio_rmse_mean": 1.0468269081212558
}