fold,train_rows,val_rows,train_areas,val_areas,train_mae,train_rmse,train_r2,val_mae,val_rmse,val_r2,overfit_gap_rmse,overfit_ratio_rmse
1,677,226,122,41,1.161833558404604,2.534020618923929,0.9051485116441825,1.2176429462601654,2.7020142292069727,0.8875224666852976,0.16799361028304372,1.0662952815097386
2,677,226,122,41,1.1880186862669455,2.688122890063911,0.8967852234414905,1.0215910368429877,1.998863700597072,0.9310370822953266,-0.689259189466839,0.7435908931044252
3,677,226,122,41,1.1306413740575048,2.6298236903414334,0.8963257765427677,1.1971398739527812,2.5502061886262943,0.9039578386779841,-0.07961750171513904,0.9697251560978971
4,678,225,123,40,1.0844917017962026,2.4489440943219076,0.9056894180310417,1.3775224524739582,3.3570990746472105,0.8541987289367259,0.9081549803253028,1.3708353254902552
