{
  "cv_n_splits": 4,
  "cv_train_mae_mean": 1.0774348558271658,
  "cv_train_rmse_mean": 2.430723292719776,
  "cv_train_r2_mean": 0.9117604852708688,
  "cv_val_mae_mean": 1.1386482105219935,
  "cv_val_mae_std": 0.10458681993597645,
  "cv_val_rmse_mean": 2.5253548012682177,
  "cv_val_rmse_std": 0.4285103126989209,
  "cv_val_r2_mean": 0.9042756973751054,
  "cv_val_r2_std": 0.022848557397498376,
  "cv_overfit_gap_rmse_mean": 0.09463150854844155,
  "cv_overfit_ratio_rmse_mean": 1.0471612193151656
}