{
  "cv_n_splits": 4,
  "cv_train_mae_mean": 1.0763804523303493,
  "cv_train_rmse_mean": 2.429034918173043,
  "cv_train_r2_mean": 0.9118850134191554,
  "cv_val_mae_mean": 1.1381489540509588,
  "cv_val_mae_std": 0.10350958025639984,
  "cv_val_rmse_mean": 2.525948426312421,
  "cv_val_rmse_std": 0.4287758666340401,
  "cv_val_r2_mean": 0.904229646711373,
  "cv_val_r2_std": 0.02290556559915625,
  "cv_overfit_gap_rmse_mean": 0.09691350813937799,
  "cv_overfit_ratio_rmse_mean": 1.048105332611713
}