search_family,model,model_family,search_method,search_block_name,parameter_grid_index,parameter_grid_size,tuning_stage,regularization_profile,train_mae,train_rmse,train_r2,cv_val_mae_mean,cv_val_mae_std,cv_val_rmse_mean,cv_val_rmse_std,cv_val_r2_mean,cv_overfit_gap_rmse_mean,cv_overfit_ratio_rmse_mean,test_mae,test_rmse,test_r2,overfit_gap_rmse,overfit_ratio_rmse,run_id,global_rank,family_rank
random_forest_focus,random_forest_regularized,random_forest,parameter_grid,random_forest_regularized,1,1,regularized_grid_point,regularized_grid_point,0.4088057762210124,1.090672845728396,0.9822469865847756,0.6347246843384454,0.03782924501863126,1.5667381078866098,0.24599708049176525,0.9628912014571643,0.47293574865410415,1.4511847171112016,0.8079232740236901,2.098300103593313,0.9448038302544682,1.007627257864917,1.9238583887104865,eaa9316c7162473e95e0d54b727c6ce8,4,1
xgboost_focus,xgboost,xgboost,parameter_grid,xgboost,1,1,baseline_grid_point,baseline_grid_point,0.11200122594020162,0.1633622215034238,0.9996017219785459,0.7082546595405579,0.03286776773539291,1.6616446303781185,0.2455089989198439,0.9583453596879434,1.537564418191924,13.65141192307995,0.9257613798634363,2.318341906419787,0.9326203565310404,2.154979684916363,14.191420054674014,e171660fed3f4f508d75d1929779dbef,8,1
xgboost_random_forest_focus,xgboost_random_forest,xgboost_random_forest,parameter_grid,xgboost_random_forest,1,1,baseline_grid_point,baseline_grid_point,0.566441136441912,1.2989342851065824,0.9748199006140952,0.8251211679976698,0.08291948619248803,1.9479961873358116,0.2982192188348757,0.9428974484315475,0.5657030122067461,1.404827167961877,0.891289879655838,2.1935769146493147,0.9396774806681719,0.8946426295427323,1.6887512630935935,e30ae1a8e8c9449db05c82b1300ced4a,6,1
